"Data Source","World Development Indicators",

"Last Updated Date","2019-07-10",

"Country Name","Country Code","Indicator Name","Indicator Code","1960","1961","1962","1963","1964","1965","1966","1967","1968","1969","1970","1971","1972","1973","1974","1975","1976","1977","1978","1979","1980","1981","1982","1983","1984","1985","1986","1987","1988","1989","1990","1991","1992","1993","1994","1995","1996","1997","1998","1999","2000","2001","2002","2003","2004","2005","2006","2007","2008","2009","2010","2011","2012","2013","2014","2015","2016","2017","2018",
"Aruba","ABW","Research and development expenditure (% of GDP)","GB.XPD.RSDV.GD.ZS","","","","","","","","","","","","","","","","","","","","","","","","","","","","","","","","","","","","","","","","","","","","","","","","","","","","","","","","","","","",
"Afghanistan","AFG","Research and development expenditure (% of GDP)","GB.XPD.RSDV.GD.ZS","","","","","","","","","","","","","","","","","","","","","","","","","","","","","","","","","","","","","","","","","","","","","","","","","","","","","","","","","","","",
"Angola","AGO","Research and development expenditure (% of GDP)","GB.XPD.RSDV.GD.ZS","","","","","","","","","","","","","","","","","","","","","","","","","","","","","","","","","","","","","","","","","","","","","","","","","","","","","","","","","","","",
"Albania","ALB","Research and development expenditure (% of GDP)","GB.XPD.RSDV.GD.ZS","","","","","","","","","","","","","","","","","","","","","","","","","","","","","","","","","","","","","","","","","","","","","","","","0.08737","0.15412","","","","","","","","","","",
"Andorra","AND","Research and development expenditure (% of GDP)","GB.XPD.RSDV.GD.ZS","","","","","","","","","","","","","","","","","","","","","","","","","","","","","","","","","","","","","","","","","","","","","","","","","","","","","","","","","","","",
"Arab World","ARB","Research and development expenditure (% of GDP)","GB.XPD.RSDV.GD.ZS","","","","","","","","","","","","","","","","","","","","","","","","","","","","","","","","","","","","","","","","","","","","","","","","","","","","0.562128930108021","","","","","","","",
"United Arab Emirates","ARE","Research and development expenditure (% of GDP)","GB.XPD.RSDV.GD.ZS","","","","","","","","","","","","","","","","","","","","","","","","","","","","","","","","","","","","","","","","","","","","","","","","","","","","0.48622","","","0.6936","0.89504","0.96366","","",
"Argentina","ARG","Research and development expenditure (% of GDP)","GB.XPD.RSDV.GD.ZS","","","","","","","","","","","","","","","","","","","","","","","","","","","","","","","","","","","","","0.41749","0.41959","0.41131","0.45337","0.43884","0.42461","0.38886","0.41013","0.40376","0.42074","0.45216","0.46007","0.47055","0.58398","0.56104","0.56597","0.63491","0.61849","0.59278","0.61408","0.53274","","",
"Armenia","ARM","Research and development expenditure (% of GDP)","GB.XPD.RSDV.GD.ZS","","","","","","","","","","","","","","","","","","","","","","","","","","","","","","","","","","","","","","0.18692","0.22601","0.214","0.19106","0.27987","0.25255","0.32109","0.25659","0.25761","0.24057","0.21107","0.22438","0.29093","0.24139","0.27014","0.23853","0.22216","0.24151","0.25002","0.23305","0.2277","",
"American Samoa","ASM","Research and development expenditure (% of GDP)","GB.XPD.RSDV.GD.ZS","","","","","","","","","","","","","","","","","","","","","","","","","","","","","","","","","","","","","","","","","","","","0.1868","0.32337","0.36473","0.39313","","","","","","","","","","","","",
"Antigua and Barbuda","ATG","Research and development expenditure (% of GDP)","GB.XPD.RSDV.GD.ZS","","","","","","","","","","","","","","","","","","","","","","","","","","","","","","","","","","","","","","","","","","","","","","","","","","","","","","","","","","","",
"Australia","AUS","Research and development expenditure (% of GDP)","GB.XPD.RSDV.GD.ZS","","","","","","","","","","","","","","","","","","","","","","","","","","","","","","","","","","","","","1.6665","","1.51645","","1.5763","","1.75233","","1.85634","","2.18708","","2.40692","","2.37976","2.24145","","2.18214","","1.92296","","","",
"Austria","AUT","Research and development expenditure (% of GDP)","GB.XPD.RSDV.GD.ZS","","","","","","","","","","","","","","","","","","","","","","","","","","","","","","","","","","","","","1.58077","1.65491","1.73155","1.84537","1.88602","1.9921","2.06598","2.17456","2.16612","2.37324","2.35923","2.41843","2.56945","2.59674","2.7261","2.66868","2.91472","2.95492","3.06921","3.04771","3.08695","","",
"Azerbaijan","AZE","Research and development expenditure (% of GDP)","GB.XPD.RSDV.GD.ZS","","","","","","","","","","","","","","","","","","","","","","","","","","","","","","","","","","","","","0.23533","0.3695","0.42124","0.39289","0.336","0.34001","0.30155","0.32496","0.29831","0.21994","0.17165","0.17006","0.16554","0.24976","0.21848","0.21084","0.21427","0.20969","0.20978","0.22232","0.20637","0.18521","",
"Burundi","BDI","Research and development expenditure (% of GDP)","GB.XPD.RSDV.GD.ZS","","","","","","","","","","","","","","","","","","","","","","","","","","","","","","","","","","","","","","","","","","","","","","","","0.2007","0.15419","0.14434","0.13755","0.12126","","","","","","","",
"Belgium","BEL","Research and development expenditure (% of GDP)","GB.XPD.RSDV.GD.ZS","","","","","","","","","","","","","","","","","","","","","","","","","","","","","","","","","","","","","1.72963","1.79476","1.82362","1.89068","1.92236","2.02168","1.89073","1.83184","1.80898","1.78231","1.81426","1.84413","1.92413","1.98537","2.05081","2.15533","2.27334","2.33393","2.38746","2.46611","2.48835","","",
"Benin","BEN","Research and development expenditure (% of GDP)","GB.XPD.RSDV.GD.ZS","","","","","","","","","","","","","","","","","","","","","","","","","","","","","","","","","","","","","","","","","","","","","","","","","","","","","","","","","","","",
"Burkina Faso","BFA","Research and development expenditure (% of GDP)","GB.XPD.RSDV.GD.ZS","","","","","","","","","","","","","","","","","","","","","","","","","","","","","","","","","","","","","0.15834","0.18104","","","","0.19057","0.33866","0.27119","0.24197","0.17057","","0.11062","0.18634","0.20005","","","","","0.22183","","","","",
"Bangladesh","BGD","Research and development expenditure (% of GDP)","GB.XPD.RSDV.GD.ZS","","","","","","","","","","","","","","","","","","","","","","","","","","","","","","","","","","","","","","","","","","","","","","","","","","","","","","","","","","","",
"Bulgaria","BGR","Research and development expenditure (% of GDP)","GB.XPD.RSDV.GD.ZS","","","","","","","","","","","","","","","","","","","","","","","","","","","","","","","","","","","","","0.50865","0.47048","0.4954","0.54214","0.49866","0.45052","0.46834","0.47587","0.47449","0.44617","0.4454","0.43024","0.44787","0.4947","0.56387","0.53191","0.60479","0.63491","0.79492","0.96019","0.78006","","",
"Bahrain","BHR","Research and development expenditure (% of GDP)","GB.XPD.RSDV.GD.ZS","","","","","","","","","","","","","","","","","","","","","","","","","","","","","","","","","","","","","","","","","","","","","","","","","","","","","","","0.10116","","","","",
"Bahamas, The","BHS","Research and development expenditure (% of GDP)","GB.XPD.RSDV.GD.ZS","","","","","","","","","","","","","","","","","","","","","","","","","","","","","","","","","","","","","","","","","","","","","","","","","","","","","","","","","","","",
"Bosnia and Herzegovina","BIH","Research and development expenditure (% of GDP)","GB.XPD.RSDV.GD.ZS","","","","","","","","","","","","","","","","","","","","","","","","","","","","","","","","","","","","","","","","","","","","0.01854","0.01611","0.02696","0.01969","0.02522","0.01842","0.02106","","","0.26533","0.32132","0.25725","0.21862","0.21597","0.19951","",
"Belarus","BLR","Research and development expenditure (% of GDP)","GB.XPD.RSDV.GD.ZS","","","","","","","","","","","","","","","","","","","","","","","","","","","","","","","","","","","","","0.99852","0.73","0.70578","0.84523","0.7221","0.70876","0.6209","0.61147","0.62759","0.67852","0.66065","0.96203","0.74147","0.64269","0.66913","0.6776","0.64603","0.65191","0.50548","0.49999","0.50063","0.58716","",
"Belize","BLZ","Research and development expenditure (% of GDP)","GB.XPD.RSDV.GD.ZS","","","","","","","","","","","","","","","","","","","","","","","","","","","","","","","","","","","","","","","","","","","","","","","","","","","","","","","","","","","",
"Bermuda","BMU","Research and development expenditure (% of GDP)","GB.XPD.RSDV.GD.ZS","","","","","","","","","","","","","","","","","","","","","","","","","","","","","","","","","","","","","","0.05885","","","","","","","","","","0.18397","0.19247","0.20903","0.20846","0.2979","0.269","0.22771","0.21474","0.21916","","","",
"Bolivia","BOL","Research and development expenditure (% of GDP)","GB.XPD.RSDV.GD.ZS","","","","","","","","","","","","","","","","","","","","","","","","","","","","","","","","","","","","","0.32544","0.31577","0.29495","0.29836","0.28744","0.29358","0.27663","","","","","","","0.157","","","","","","","","","",
"Brazil","BRA","Research and development expenditure (% of GDP)","GB.XPD.RSDV.GD.ZS","","","","","","","","","","","","","","","","","","","","","","","","","","","","","","","","","","","","","","","","","1.0016","1.03211","0.97747","0.99939","0.96343","1.00246","0.98807","1.08138","1.12904","1.11866","1.15992","1.13966","1.12684","1.19567","1.26991","1.34264","1.26578","","",
"Barbados","BRB","Research and development expenditure (% of GDP)","GB.XPD.RSDV.GD.ZS","","","","","","","","","","","","","","","","","","","","","","","","","","","","","","","","","","","","","","","","","","","","","","","","","","","","","","","","","","","",
"Brunei Darussalam","BRN","Research and development expenditure (% of GDP)","GB.XPD.RSDV.GD.ZS","","","","","","","","","","","","","","","","","","","","","","","","","","","","","","","","","","","","","","","","","","","0.01592","0.01842","0.03701","","","","","","","","","","","","","","",
"Bhutan","BTN","Research and development expenditure (% of GDP)","GB.XPD.RSDV.GD.ZS","","","","","","","","","","","","","","","","","","","","","","","","","","","","","","","","","","","","","","","","","","","","","","","","","","","","","","","","","","","",
"Botswana","BWA","Research and development expenditure (% of GDP)","GB.XPD.RSDV.GD.ZS","","","","","","","","","","","","","","","","","","","","","","","","","","","","","","","","","","","","","","","","","","","","","","0.53286","","","","","","","0.25411","0.53728","","","","","",
"Central African Republic","CAF","Research and development expenditure (% of GDP)","GB.XPD.RSDV.GD.ZS","","","","","","","","","","","","","","","","","","","","","","","","","","","","","","","","","","","","","","","","","","","","","","","","","","","","","","","","","","","",
"Canada","CAN","Research and development expenditure (% of GDP)","GB.XPD.RSDV.GD.ZS","","","","","","","","","","","","","","","","","","","","","","","","","","","","","","","","","","","","","1.61209","1.6192","1.71643","1.75588","1.86469","2.02831","1.97873","1.97478","2.00416","1.97759","1.94872","1.90857","1.8604","1.92227","1.82958","1.79132","1.7766","1.7098","1.71824","1.6493","1.60407","1.5295","",
"Central Europe and the Baltics","CEB","Research and development expenditure (% of GDP)","GB.XPD.RSDV.GD.ZS","","","","","","","","","","","","","","","","","","","","","","","","","","","","","","","","","","","","","0.727902880494742","0.750916598888361","0.733622918338127","0.738220821733466","0.745997833699605","0.750693851623709","0.7400578627615","0.730959650749333","0.734947751849659","0.736156359989221","0.752457067294391","0.756444051707029","0.782729205623079","0.827567102166791","0.875637013499329","0.959489688417296","1.05841094289119","1.06156329824548","1.08972627693304","1.14687800702379","1.02679011893371","","",
"Switzerland","CHE","Research and development expenditure (% of GDP)","GB.XPD.RSDV.GD.ZS","","","","","","","","","","","","","","","","","","","","","","","","","","","","","","","","","","","","","2.44857","","","","2.32344","","","","2.67269","","","","2.71472","","","","3.1873","","","3.3743","","","",
"Channel Islands","CHI","Research and development expenditure (% of GDP)","GB.XPD.RSDV.GD.ZS","","","","","","","","","","","","","","","","","","","","","","","","","","","","","","","","","","","","","","","","","","","","","","","","","","","","","","","","","","","",
"Chile","CHL","Research and development expenditure (% of GDP)","GB.XPD.RSDV.GD.ZS","","","","","","","","","","","","","","","","","","","","","","","","","","","","","","","","","","","","","","","","","","","","","","","","0.30957","0.37497","0.35202","0.32947","0.35144","0.3622","0.3887","0.37497","0.3806","0.36244","","",
"China","CHN","Research and development expenditure (% of GDP)","GB.XPD.RSDV.GD.ZS","","","","","","","","","","","","","","","","","","","","","","","","","","","","","","","","","","","","","0.56324","0.63873","0.64689","0.74963","0.89316","0.94033","1.05786","1.12037","1.21498","1.30792","1.36854","1.37298","1.44469","1.66211","1.70994","1.77539","1.90582","1.99021","2.02114","2.05643","2.10826","","",
"Cote d'Ivoire","CIV","Research and development expenditure (% of GDP)","GB.XPD.RSDV.GD.ZS","","","","","","","","","","","","","","","","","","","","","","","","","","","","","","","","","","","","","","","","","","","","","","","","","","","","","","","","","","","",
"Cameroon","CMR","Research and development expenditure (% of GDP)","GB.XPD.RSDV.GD.ZS","","","","","","","","","","","","","","","","","","","","","","","","","","","","","","","","","","","","","","","","","","","","","","","","","","","","","","","","","","","",
"Congo, Dem. Rep.","COD","Research and development expenditure (% of GDP)","GB.XPD.RSDV.GD.ZS","","","","","","","","","","","","","","","","","","","","","","","","","","","","","","","","","","","","","","","","","","","","","0.26777","0.05799","0.06044","0.13609","0.08253","0.07822","","","","","","","","","",
"Congo, Rep.","COG","Research and development expenditure (% of GDP)","GB.XPD.RSDV.GD.ZS","","","","","","","","","","","","","","","","","","","","","","","","","","","","","","","","","","","","","","","","","","","","","","","","","","","","","","","","","","","",
"Colombia","COL","Research and development expenditure (% of GDP)","GB.XPD.RSDV.GD.ZS","","","","","","","","","","","","","","","","","","","","","","","","","","","","","","","","","","","","","0.29923","0.27366","","","0.12999","0.13183","0.13944","0.15602","0.15353","0.14988","0.14861","0.18346","0.19976","0.19489","0.1947","0.20566","0.23458","0.27248","0.30799","0.2917","0.26955","0.24397","",
"Comoros","COM","Research and development expenditure (% of GDP)","GB.XPD.RSDV.GD.ZS","","","","","","","","","","","","","","","","","","","","","","","","","","","","","","","","","","","","","","","","","","","","","","","","","","","","","","","","","","","",
"Cabo Verde","CPV","Research and development expenditure (% of GDP)","GB.XPD.RSDV.GD.ZS","","","","","","","","","","","","","","","","","","","","","","","","","","","","","","","","","","","","","","","","","","","","","","","","","","","","0.07264","","","","","","","",
"Costa Rica","CRI","Research and development expenditure (% of GDP)","GB.XPD.RSDV.GD.ZS","","","","","","","","","","","","","","","","","","","","","","","","","","","","","","","","","","","","","0.30377","0.29716","0.26656","0.36913","0.41311","","","0.36349","0.37452","","0.42906","0.35842","0.38831","0.52028","0.48492","0.46782","0.55606","0.55567","0.57209","0.48617","0.45775","","",
"Caribbean small states","CSS","Research and development expenditure (% of GDP)","GB.XPD.RSDV.GD.ZS","","","","","","","","","","","","","","","","","","","","","","","","","","","","","","","","","","","","","","","","","","","","","","","","","","","","","","","","","","","",
"Cuba","CUB","Research and development expenditure (% of GDP)","GB.XPD.RSDV.GD.ZS","","","","","","","","","","","","","","","","","","","","","","","","","","","","","","","","","","","","","0.34736","0.40172","0.50124","0.45832","0.47865","0.5653","0.56445","0.58243","0.60231","0.5492","0.44139","0.43615","0.50061","0.61485","0.60767","0.27192","0.40716","0.47467","0.41596","0.42854","0.34865","","",
"Curacao","CUW","Research and development expenditure (% of GDP)","GB.XPD.RSDV.GD.ZS","","","","","","","","","","","","","","","","","","","","","","","","","","","","","","","","","","","","","","","","","","","","","","","","","","","","","","","","","","","",
"Cayman Islands","CYM","Research and development expenditure (% of GDP)","GB.XPD.RSDV.GD.ZS","","","","","","","","","","","","","","","","","","","","","","","","","","","","","","","","","","","","","","","","","","","","","","","","","","","","","","","","","","","",
"Cyprus","CYP","Research and development expenditure (% of GDP)","GB.XPD.RSDV.GD.ZS","","","","","","","","","","","","","","","","","","","","","","","","","","","","","","","","","","","","","","","0.20125","0.21567","0.2225","0.23314","0.27491","0.3177","0.33368","0.36197","0.37724","0.39826","0.38601","0.44442","0.44663","0.45554","0.43778","0.48218","0.50847","0.4807","0.50167","","",
"Czech Republic","CZE","Research and development expenditure (% of GDP)","GB.XPD.RSDV.GD.ZS","","","","","","","","","","","","","","","","","","","","","","","","","","","","","","","","","","","","","0.89446","0.99439","1.06528","1.05452","1.11319","1.10333","1.10202","1.14741","1.14559","1.16835","1.23173","1.30228","1.23933","1.29438","1.33688","1.55571","1.78231","1.89973","1.97285","1.92923","1.6783","","",
"Germany","DEU","Research and development expenditure (% of GDP)","GB.XPD.RSDV.GD.ZS","","","","","","","","","","","","","","","","","","","","","","","","","","","","","","","","","","","","","2.13716","2.1788","2.2123","2.33383","2.39166","2.38558","2.41543","2.4566","2.42079","2.42253","2.45604","2.44633","2.59712","2.72644","2.71367","2.79562","2.86813","2.82105","2.87289","2.91695","2.93949","","",
"Djibouti","DJI","Research and development expenditure (% of GDP)","GB.XPD.RSDV.GD.ZS","","","","","","","","","","","","","","","","","","","","","","","","","","","","","","","","","","","","","","","","","","","","","","","","","","","","","","","","","","","",
"Dominica","DMA","Research and development expenditure (% of GDP)","GB.XPD.RSDV.GD.ZS","","","","","","","","","","","","","","","","","","","","","","","","","","","","","","","","","","","","","","","","","","","","","","","","","","","","","","","","","","","",
"Denmark","DNK","Research and development expenditure (% of GDP)","GB.XPD.RSDV.GD.ZS","","","","","","","","","","","","","","","","","","","","","","","","","","","","","","","","","","","","","1.80667","1.88914","2.00619","2.12764","","2.32466","2.44145","2.51085","2.41916","2.39337","2.403","2.51541","2.77346","3.05514","2.91707","2.94465","2.98125","2.97048","2.91404","2.95742","2.87125","","",
"Dominican Republic","DOM","Research and development expenditure (% of GDP)","GB.XPD.RSDV.GD.ZS","","","","","","","","","","","","","","","","","","","","","","","","","","","","","","","","","","","","","","","","","","","","","","","","","","","","","","","","","","","",
"Algeria","DZA","Research and development expenditure (% of GDP)","GB.XPD.RSDV.GD.ZS","","","","","","","","","","","","","","","","","","","","","","","","","","","","","","","","","","","","","","","","","","0.23028","0.3664","0.19623","0.16357","0.06604","","","","","","","","","","","","0.53347","",
"East Asia & Pacific (excluding high income)","EAP","Research and development expenditure (% of GDP)","GB.XPD.RSDV.GD.ZS","","","","","","","","","","","","","","","","","","","","","","","","","","","","","","","","","","","","","0.46194132445158","0.565824485914929","0.630098358298547","0.697139223911761","0.727772133685223","0.797512535969849","0.910549681247237","1.00542579638844","1.10505307955405","1.17904619182542","1.24766134307733","1.24650391147547","1.34328441383844","1.39969040130805","1.68121556095891","1.6184762261479","1.87464577764639","1.70918170803548","1.94020340968906","1.95826748388774","2.05543969870143","","",
"Early-demographic dividend","EAR","Research and development expenditure (% of GDP)","GB.XPD.RSDV.GD.ZS","","","","","","","","","","","","","","","","","","","","","","","","","","","","","","","","","","","","","","","","","0.610180319964316","0.628049230997748","0.649780822202775","0.619020708722977","0.631324131073952","0.623049258483437","0.645430858785848","0.668404927363749","0.698530284360689","0.63258686414183","0.747021049510015","0.750996628111862","","0.625519492150455","","","","","",
"East Asia & Pacific","EAS","Research and development expenditure (% of GDP)","GB.XPD.RSDV.GD.ZS","","","","","","","","","","","","","","","","","","","","","","","","","","","","","","","","","","","","","2.21721039411049","2.2954228180693","2.25840451974436","2.33151826277092","2.26196263871121","2.30937084239464","2.27472802584594","2.36086741445902","2.34395412408617","2.42946823808039","2.42585957051125","2.37703681693094","2.37370769838279","2.26677308453688","2.41655557432885","2.3508061581","2.50022277630712","2.2943400885721","2.49281641651968","2.38141518989593","2.48912601340438","","",
"Europe & Central Asia (excluding high income)","ECA","Research and development expenditure (% of GDP)","GB.XPD.RSDV.GD.ZS","","","","","","","","","","","","","","","","","","","","","","","","","","","","","","","","","","","","","0.789514324014892","0.835913225834905","0.651858507285492","0.67344055756833","0.702584637824502","0.82005141819466","0.846958153203365","0.840092555471818","0.796086120981563","0.786371330930348","0.79596756136779","0.855341175393118","0.824845240204063","0.933657906170238","0.885081378749394","0.833849417090781","0.853730740410394","0.835304718458112","0.852077226159352","0.852931159485871","0.838090975813559","","",
"Europe & Central Asia","ECS","Research and development expenditure (% of GDP)","GB.XPD.RSDV.GD.ZS","","","","","","","","","","","","","","","","","","","","","","","","","","","","","","","","","","","","","1.65550073648926","1.63795356706636","1.60847660455139","1.70059660737965","1.67567057370871","1.72264319860532","1.69633522961116","1.72125405806165","1.69837837443387","1.65114324465585","1.65871533331684","1.66051333000617","1.72465866765531","1.81427315329355","1.7801586227063","1.78760456275642","1.84112306750486","1.80412857693211","1.84257313914016","1.92135546675688","1.92251066458928","","",
"Ecuador","ECU","Research and development expenditure (% of GDP)","GB.XPD.RSDV.GD.ZS","","","","","","","","","","","","","","","","","","","","","","","","","","","","","","","","","","","","","0.07406","0.06263","0.06517","","","0.0515","0.05534","0.05735","","","0.12863","0.13194","0.22779","0.39463","0.40297","0.33991","0.33236","0.3799","0.44266","","","","",
"Egypt, Arab Rep.","EGY","Research and development expenditure (% of GDP)","GB.XPD.RSDV.GD.ZS","","","","","","","","","","","","","","","","","","","","","","","","","","","","","","","","","","","","","0.2126","0.19756","0.1991","0.18651","0.19247","","","","0.26994","0.24141","0.25903","0.2551","0.27024","0.43312","0.43345","0.53154","0.50899","0.63895","0.63649","0.71858","0.70848","0.60595","",
"Euro area","EMU","Research and development expenditure (% of GDP)","GB.XPD.RSDV.GD.ZS","","","","","","","","","","","","","","","","","","","","","","","","","","","","","","","","","","","","","1.73975679467578","1.71303136281881","1.74251652420651","1.76519975907635","1.80586708262606","1.79549464295288","1.83657610856476","1.80392496135005","1.78209924560312","1.77792298770603","1.79996560903529","1.80656860881961","1.88960250414409","1.98594564804915","1.99408463839912","2.0418001904865","2.09789184663515","2.10236695030061","2.1380412080507","2.13748258791776","2.12609473294999","","",
"Eritrea","ERI","Research and development expenditure (% of GDP)","GB.XPD.RSDV.GD.ZS","","","","","","","","","","","","","","","","","","","","","","","","","","","","","","","","","","","","","","","","","","","","","","","","","","","","","","","","","","","",
"Spain","ESP","Research and development expenditure (% of GDP)","GB.XPD.RSDV.GD.ZS","","","","","","","","","","","","","","","","","","","","","","","","","","","","","","","","","","","","","0.78949","0.77964","0.85102","0.84052","0.88495","0.89019","0.96005","1.02219","1.03849","1.09577","1.17217","1.23448","1.31706","1.35134","1.34961","1.32508","1.28788","1.26859","1.23535","1.21963","1.18549","","",
"Estonia","EST","Research and development expenditure (% of GDP)","GB.XPD.RSDV.GD.ZS","","","","","","","","","","","","","","","","","","","","","","","","","","","","","","","","","","","","","","","0.57074","0.68063","0.60009","0.69946","0.71649","0.76777","0.85193","0.92364","1.11666","1.06884","1.25952","1.39541","1.58162","2.30655","2.12265","1.72216","1.45063","1.48796","1.28129","","",
"Ethiopia","ETH","Research and development expenditure (% of GDP)","GB.XPD.RSDV.GD.ZS","","","","","","","","","","","","","","","","","","","","","","","","","","","","","","","","","","","","","","","","","","","","","","0.17917","","0.17089","","","0.24137","","","0.60474","","","","","",
"European Union","EUU","Research and development expenditure (% of GDP)","GB.XPD.RSDV.GD.ZS","","","","","","","","","","","","","","","","","","","","","","","","","","","","","","","","","","","","","1.68188042435718","1.69990283740235","1.67615653708091","1.75901026949249","1.72522581080813","1.78462394237138","1.75726898135069","1.78462079340046","1.74958934008401","1.74197756548086","1.76294906828334","1.76631059438576","1.83559746308278","1.92831012012843","1.92557456888446","1.96868705067265","2.00510014339369","2.01786586578933","2.03717325924514","2.03877885422305","2.03234096311399","","",
"Fragile and conflict affected situations","FCS","Research and development expenditure (% of GDP)","GB.XPD.RSDV.GD.ZS","","","","","","","","","","","","","","","","","","","","","","","","","","","","","","","","","","","","","","","","","","","","","","","","","","","","","","","","","","","",
"Finland","FIN","Research and development expenditure (% of GDP)","GB.XPD.RSDV.GD.ZS","","","","","","","","","","","","","","","","","","","","","","","","","","","","","","","","","","","","","2.45311","2.62321","2.78655","3.05603","3.24569","3.19795","3.2574","3.30214","3.31494","3.32976","3.33762","3.34577","3.54708","3.74883","3.72598","3.63881","3.41948","3.28719","3.16931","2.89637","2.74645","","",
"Fiji","FJI","Research and development expenditure (% of GDP)","GB.XPD.RSDV.GD.ZS","","","","","","","","","","","","","","","","","","","","","","","","","","","","","","","","","","","","","","","","","","","","","","","","","","","","","","","","","","","",
"France","FRA","Research and development expenditure (% of GDP)","GB.XPD.RSDV.GD.ZS","","","","","","","","","","","","","","","","","","","","","","","","","","","","","","","","","","","","","2.2228","2.14699","2.09476","2.10767","2.09346","2.13804","2.17449","2.11994","2.09461","2.05151","2.05094","2.02451","2.06117","2.21207","2.17857","2.19161","2.22707","2.23703","2.27592","2.26703","2.24805","","",
"Faroe Islands","FRO","Research and development expenditure (% of GDP)","GB.XPD.RSDV.GD.ZS","","","","","","","","","","","","","","","","","","","","","","","","","","","","","","","","","","","","","","","","","","","","0.86117","","","","","","","","","","","","","","","",
"Micronesia, Fed. Sts.","FSM","Research and development expenditure (% of GDP)","GB.XPD.RSDV.GD.ZS","","","","","","","","","","","","","","","","","","","","","","","","","","","","","","","","","","","","","","","","","","","","","","","","","","","","","","","","","","","",
"Gabon","GAB","Research and development expenditure (% of GDP)","GB.XPD.RSDV.GD.ZS","","","","","","","","","","","","","","","","","","","","","","","","","","","","","","","","","","","","","","","","","","","","","","","","0.41633","0.5109","0.57924","","","","","","","","","",
"United Kingdom","GBR","Research and development expenditure (% of GDP)","GB.XPD.RSDV.GD.ZS","","","","","","","","","","","","","","","","","","","","","","","","","","","","","","","","","","","","","1.58755","1.54564","1.56211","1.64432","1.6268","1.62331","1.62964","1.59374","1.54555","1.56386","1.58552","1.6268","1.63064","1.69094","1.66861","1.67454","1.60252","1.6476","1.66568","1.67445","1.68847","","",
"Georgia","GEO","Research and development expenditure (% of GDP)","GB.XPD.RSDV.GD.ZS","","","","","","","","","","","","","","","","","","","","","","","","","","","","","","","","","","","","","0.33088","0.3424","0.35384","0.28769","0.2153","0.23848","0.18574","0.2176","0.2442","0.17658","","","","","","","","0.08367","0.1849","0.31982","0.30104","","",
"Ghana","GHA","Research and development expenditure (% of GDP)","GB.XPD.RSDV.GD.ZS","","","","","","","","","","","","","","","","","","","","","","","","","","","","","","","","","","","","","","","","","","","","","","","","0.23157","","","0.37655","","","","","","","","",
"Gibraltar","GIB","Research and development expenditure (% of GDP)","GB.XPD.RSDV.GD.ZS","","","","","","","","","","","","","","","","","","","","","","","","","","","","","","","","","","","","","","","","","","","","","","","","","","","","","","","","","","","",
"Guinea","GIN","Research and development expenditure (% of GDP)","GB.XPD.RSDV.GD.ZS","","","","","","","","","","","","","","","","","","","","","","","","","","","","","","","","","","","","","","","","","","","","","","","","","","","","","","","","","","","",
"Gambia, The","GMB","Research and development expenditure (% of GDP)","GB.XPD.RSDV.GD.ZS","","","","","","","","","","","","","","","","","","","","","","","","","","","","","","","","","","","","","","","","","","","","","","","","","0.02039","0.01748","","0.13308","","","","","","","",
"Guinea-Bissau","GNB","Research and development expenditure (% of GDP)","GB.XPD.RSDV.GD.ZS","","","","","","","","","","","","","","","","","","","","","","","","","","","","","","","","","","","","","","","","","","","","","","","","","","","","","","","","","","","",
"Equatorial Guinea","GNQ","Research and development expenditure (% of GDP)","GB.XPD.RSDV.GD.ZS","","","","","","","","","","","","","","","","","","","","","","","","","","","","","","","","","","","","","","","","","","","","","","","","","","","","","","","","","","","",
"Greece","GRC","Research and development expenditure (% of GDP)","GB.XPD.RSDV.GD.ZS","","","","","","","","","","","","","","","","","","","","","","","","","","","","","","","","","","","","","","0.4291","","0.56823","","0.55948","","0.54654","0.5273","0.57896","0.56118","0.57655","0.66183","0.62557","0.59838","0.67196","0.69957","0.81131","0.8333","0.96637","1.007","","",
"Grenada","GRD","Research and development expenditure (% of GDP)","GB.XPD.RSDV.GD.ZS","","","","","","","","","","","","","","","","","","","","","","","","","","","","","","","","","","","","","","","","","","","","","","","","","","","","","","","","","","","",
"Greenland","GRL","Research and development expenditure (% of GDP)","GB.XPD.RSDV.GD.ZS","","","","","","","","","","","","","","","","","","","","","","","","","","","","","","","","","","","","","","","","","","0.52741","0.55628","0.50804","0.64513","","","","","","","","","","","","","","",
"Guatemala","GTM","Research and development expenditure (% of GDP)","GB.XPD.RSDV.GD.ZS","","","","","","","","","","","","","","","","","","","","","","","","","","","","","","","","","","","","","","","","","","","","","","0.035","0.0493","0.06674","0.06189","0.0553","0.0435","0.04814","0.04471","0.03854","0.02905","0.02988","","","",
"Guam","GUM","Research and development expenditure (% of GDP)","GB.XPD.RSDV.GD.ZS","","","","","","","","","","","","","","","","","","","","","","","","","","","","","","","","","","","","","","","","","","","","0.26637","0.25597","0.25707","","","","","","","","","","","","","",
"Guyana","GUY","Research and development expenditure (% of GDP)","GB.XPD.RSDV.GD.ZS","","","","","","","","","","","","","","","","","","","","","","","","","","","","","","","","","","","","","","","","","","","","","","","","","","","","","","","","","","","",
"High income","HIC","Research and development expenditure (% of GDP)","GB.XPD.RSDV.GD.ZS","","","","","","","","","","","","","","","","","","","","","","","","","","","","","","","","","","","","","2.15862283430054","2.18530754809016","2.18855970383446","2.25687065372105","2.32096981097624","2.35287500103222","2.29299091905514","2.26424472665283","2.21487597426618","2.22967987590967","2.25648079051123","2.26094979272003","2.34226609556314","2.41128074708749","2.39180998292099","2.40204990203882","2.42568041169013","2.41675857291665","2.47326874075327","2.47227248384601","2.49097144001302","","",
"Hong Kong SAR, China","HKG","Research and development expenditure (% of GDP)","GB.XPD.RSDV.GD.ZS","","","","","","","","","","","","","","","","","","","","","","","","","","","","","","","","","","","","","","","0.4283","0.45767","0.46493","0.53645","0.58147","0.68027","0.72176","0.77343","0.79468","0.75161","0.71996","0.77342","0.74946","0.72086","0.72733","0.73017","0.74014","0.76183","0.79144","0.79972","",
"Honduras","HND","Research and development expenditure (% of GDP)","GB.XPD.RSDV.GD.ZS","","","","","","","","","","","","","","","","","","","","","","","","","","","","","","","","","","","","","","","","","0.04453","0.03834","0.04181","0.04215","0.04155","","","","","","","","","","","0.01497","","","",
"Heavily indebted poor countries (HIPC)","HPC","Research and development expenditure (% of GDP)","GB.XPD.RSDV.GD.ZS","","","","","","","","","","","","","","","","","","","","","","","","","","","","","","","","","","","","","","","","","","","","","","","","","","","","","","","","","","","",
"Croatia","HRV","Research and development expenditure (% of GDP)","GB.XPD.RSDV.GD.ZS","","","","","","","","","","","","","","","","","","","","","","","","","","","","","","","","","","","","","","","","0.8404","1.0441","0.91644","0.94811","0.95059","1.0308","0.85558","0.74009","0.79225","0.88413","0.84425","0.74265","0.7507","0.75007","0.81117","0.78324","0.84186","0.84581","","",
"Haiti","HTI","Research and development expenditure (% of GDP)","GB.XPD.RSDV.GD.ZS","","","","","","","","","","","","","","","","","","","","","","","","","","","","","","","","","","","","","","","","","","","","","","","","","","","","","","","","","","","",
"Hungary","HUN","Research and development expenditure (% of GDP)","GB.XPD.RSDV.GD.ZS","","","","","","","","","","","","","","","","","","","","","","","","","","","","","","","","","","","","","0.63025","0.69905","0.65625","0.67053","0.78942","0.91189","0.98198","0.91841","0.86035","0.92094","0.98097","0.95674","0.9796","1.13212","1.13945","1.18897","1.26362","1.3889","1.35339","1.36461","1.20606","","",
"IBRD only","IBD","Research and development expenditure (% of GDP)","GB.XPD.RSDV.GD.ZS","","","","","","","","","","","","","","","","","","","","","","","","","","","","","","","","","","","","","","","","0.589660361310595","0.649975100793079","0.68231456138421","0.731954173855677","0.774703724344634","0.803005941156623","0.834498766599733","0.863066730337859","0.89385582851711","0.937431463285284","1.02156646768389","1.08731692717316","1.10928946751845","1.23345893814236","1.2235586927778","1.35834174847742","1.39091563276727","1.56335166600198","","",
"IDA & IBRD total","IBT","Research and development expenditure (% of GDP)","GB.XPD.RSDV.GD.ZS","","","","","","","","","","","","","","","","","","","","","","","","","","","","","","","","","","","","","","","","","0.638636336588709","0.671137170891958","0.717642418323196","0.768788590300219","0.795977535048914","0.821899745022177","0.858795793835528","0.867185197236838","0.929775224915178","1.00917040568337","1.07637669865775","1.09707169050056","1.2283879176478","1.2072576574996","1.34898723147401","1.36706281127042","1.55209996574976","","",
"IDA total","IDA","Research and development expenditure (% of GDP)","GB.XPD.RSDV.GD.ZS","","","","","","","","","","","","","","","","","","","","","","","","","","","","","","","","","","","","","","","","","","","","","","","","","","","","","","","","","","","",
"IDA blend","IDB","Research and development expenditure (% of GDP)","GB.XPD.RSDV.GD.ZS","","","","","","","","","","","","","","","","","","","","","","","","","","","","","","","","","","","","","","","","","","","","","","","","0.35921204024607","","","","","","","","","","","",
"Indonesia","IDN","Research and development expenditure (% of GDP)","GB.XPD.RSDV.GD.ZS","","","","","","","","","","","","","","","","","","","","","","","","","","","","","","","","","","","","","","","","","0.06769","0.04756","","","","","","","","0.08332","","","","0.0847","","","","","",
"IDA only","IDX","Research and development expenditure (% of GDP)","GB.XPD.RSDV.GD.ZS","","","","","","","","","","","","","","","","","","","","","","","","","","","","","","","","","","","","","","","","","","","","","","","","","","","","","","","","","","","",
"Isle of Man","IMN","Research and development expenditure (% of GDP)","GB.XPD.RSDV.GD.ZS","","","","","","","","","","","","","","","","","","","","","","","","","","","","","","","","","","","","","","","","","","","","","","","","","","","","","","","","","","","",
"India","IND","Research and development expenditure (% of GDP)","GB.XPD.RSDV.GD.ZS","","","","","","","","","","","","","","","","","","","","","","","","","","","","","","","","","","","","","0.64769","0.69597","0.7133","0.73392","0.76723","0.74586","0.73548","0.72901","0.76713","0.8358","0.82217","0.81554","0.8674","0.84444","0.82213","0.83125","","","","0.61992","","","",
"Not classified","INX","Research and development expenditure (% of GDP)","GB.XPD.RSDV.GD.ZS","","","","","","","","","","","","","","","","","","","","","","","","","","","","","","","","","","","","","","","","","","","","","","","","","","","","","","","","","","","",
"Ireland","IRL","Research and development expenditure (% of GDP)","GB.XPD.RSDV.GD.ZS","","","","","","","","","","","","","","","","","","","","","","","","","","","","","","","","","","","","","1.27006","1.24317","1.20958","1.15338","1.08497","1.05308","1.05609","1.12451","1.17866","1.1928","1.19835","1.23325","1.38776","1.60823","1.59294","1.55049","1.57101","1.58026","1.52633","1.19563","1.17681","","",
"Iran, Islamic Rep.","IRN","Research and development expenditure (% of GDP)","GB.XPD.RSDV.GD.ZS","","","","","","","","","","","","","","","","","","","","","","","","","","","","","","","","","","","","","","","","","","0.50218","0.49558","0.59484","0.50453","0.62284","0.55921","","0.64647","0.27258","0.26442","","0.31655","0.25267","","","","","",
"Iraq","IRQ","Research and development expenditure (% of GDP)","GB.XPD.RSDV.GD.ZS","","","","","","","","","","","","","","","","","","","","","","","","","","","","","","","","","","","","","","","","","","","","","","","","0.04554","0.03435","0.04562","0.03684","0.03476","","","0.03733","0.0373","0.03631","0.0436","",
"Iceland","ISL","Research and development expenditure (% of GDP)","GB.XPD.RSDV.GD.ZS","","","","","","","","","","","","","","","","","","","","","","","","","","","","","","","","","","","","","","1.80303","1.96253","2.2513","2.6004","2.87427","2.85512","2.73249","","2.70562","2.92238","2.57245","2.52222","2.63933","","2.48344","","1.75515","1.99923","2.17034","2.0754","","",
"Israel","ISR","Research and development expenditure (% of GDP)","GB.XPD.RSDV.GD.ZS","","","","","","","","","","","","","","","","","","","","","","","","","","","","","","","","","","","","","2.59145","2.80657","2.9178","3.32785","3.9334","4.1866","4.13253","3.89614","3.87437","4.05006","4.14278","4.42859","4.34759","4.13391","3.94189","4.0129","4.16119","4.15189","4.19966","4.26895","4.25121","","",
"Italy","ITA","Research and development expenditure (% of GDP)","GB.XPD.RSDV.GD.ZS","","","","","","","","","","","","","","","","","","","","","","","","","","","","","","","","","","","","","0.94843","0.98994","1.00784","0.98337","1.00546","1.04491","1.08482","1.06198","1.05312","1.04709","1.08696","1.1327","1.16367","1.22126","1.22311","1.20984","1.27087","1.30768","1.34301","1.34072","1.28566","","",
"Jamaica","JAM","Research and development expenditure (% of GDP)","GB.XPD.RSDV.GD.ZS","","","","","","","","","","","","","","","","","","","","","","","","","","","","","","","","","","","","","","","","","","0.0491","0.06096","","","","","","","","","","","","","","","","",
"Jordan","JOR","Research and development expenditure (% of GDP)","GB.XPD.RSDV.GD.ZS","","","","","","","","","","","","","","","","","","","","","","","","","","","","","","","","","","","","","","","","","","","0.33689","","","","","","0.4347","","","","","","","","0.33201","","",
"Japan","JPN","Research and development expenditure (% of GDP)","GB.XPD.RSDV.GD.ZS","","","","","","","","","","","","","","","","","","","","","","","","","","","","","","","","","","","","","2.69206","2.76968","2.87363","2.89283","2.90569","2.97183","3.01394","3.04295","3.02952","3.18099","3.27844","3.3396","3.33718","3.2314","3.13708","3.24477","3.20908","3.31496","3.40022","3.27754","3.14081","","",
"Kazakhstan","KAZ","Research and development expenditure (% of GDP)","GB.XPD.RSDV.GD.ZS","","","","","","","","","","","","","","","","","","","","","","","","","","","","","","","","","","","","","","0.29337","0.22039","0.18383","0.18104","0.22009","0.25509","0.25246","0.24837","0.28361","0.24281","0.20884","0.21654","0.22924","0.15341","0.15349","0.16525","0.17132","0.16722","0.16951","0.14179","","",
"Kenya","KEN","Research and development expenditure (% of GDP)","GB.XPD.RSDV.GD.ZS","","","","","","","","","","","","","","","","","","","","","","","","","","","","","","","","","","","","","","","","","","","","","","","","0.35521","","","0.78577","","","","","","","","",
"Kyrgyz Republic","KGZ","Research and development expenditure (% of GDP)","GB.XPD.RSDV.GD.ZS","","","","","","","","","","","","","","","","","","","","","","","","","","","","","","","","","","","","","","0.1939","0.21064","0.17992","0.15637","0.17189","0.1981","0.22272","0.19926","0.19861","0.23014","0.23425","0.19017","0.15997","0.15547","0.15633","0.1661","0.14914","0.12536","0.11903","0.11121","0.10903","",
"Cambodia","KHM","Research and development expenditure (% of GDP)","GB.XPD.RSDV.GD.ZS","","","","","","","","","","","","","","","","","","","","","","","","","","","","","","","","","","","","","","","","","","","0.0498","","","","","","","","","","","","","0.11823","","","",
"Kiribati","KIR","Research and development expenditure (% of GDP)","GB.XPD.RSDV.GD.ZS","","","","","","","","","","","","","","","","","","","","","","","","","","","","","","","","","","","","","","","","","","","","","","","","","","","","","","","","","","","",
"St. Kitts and Nevis","KNA","Research and development expenditure (% of GDP)","GB.XPD.RSDV.GD.ZS","","","","","","","","","","","","","","","","","","","","","","","","","","","","","","","","","","","","","","","","","","","","","","","","","","","","","","","","","","","",
"Korea, Rep.","KOR","Research and development expenditure (% of GDP)","GB.XPD.RSDV.GD.ZS","","","","","","","","","","","","","","","","","","","","","","","","","","","","","","","","","","","","","2.26089","2.2977","2.16151","2.06662","2.18023","2.34108","2.27382","2.3515","2.53248","2.62617","2.83066","3.00035","3.12343","3.29324","3.46594","3.74361","4.02554","4.14853","4.28874","4.21702","4.22744","","",
"Kuwait","KWT","Research and development expenditure (% of GDP)","GB.XPD.RSDV.GD.ZS","","","","","","","","","","","","","","","","","","","","","","","","","","","","","","","","","","","","","","0.20539","0.25795","0.19764","0.12543","0.17882","0.18001","0.14347","0.1301","0.10083","0.08478","0.08585","0.0855","0.1122","0.1014","0.09898","0.09721","0.30153","0.42705","0.0966","0.07878","0.08079","",
"Latin America & Caribbean (excluding high income)","LAC","Research and development expenditure (% of GDP)","GB.XPD.RSDV.GD.ZS","","","","","","","","","","","","","","","","","","","","","","","","","","","","","","","","","","","","","","","","","0.559220834299821","0.536118541288588","0.52828500791556","0.562140955544874","0.572925584066581","0.599159157383365","0.598156755136847","0.661017510853226","0.705406772340641","0.74090381764979","0.778546075684321","0.749888430679726","0.728856959513407","0.768968831626075","0.793751711031883","0.823509264644555","0.792564316606453","","",
"Lao PDR","LAO","Research and development expenditure (% of GDP)","GB.XPD.RSDV.GD.ZS","","","","","","","","","","","","","","","","","","","","","","","","","","","","","","","","","","","","","","","","","","","0.0371","","","","","","","","","","","","","","","","",
"Lebanon","LBN","Research and development expenditure (% of GDP)","GB.XPD.RSDV.GD.ZS","","","","","","","","","","","","","","","","","","","","","","","","","","","","","","","","","","","","","","","","","","","","","","","","","","","","","","","","","","","",
"Liberia","LBR","Research and development expenditure (% of GDP)","GB.XPD.RSDV.GD.ZS","","","","","","","","","","","","","","","","","","","","","","","","","","","","","","","","","","","","","","","","","","","","","","","","","","","","","","","","","","","",
"Libya","LBY","Research and development expenditure (% of GDP)","GB.XPD.RSDV.GD.ZS","","","","","","","","","","","","","","","","","","","","","","","","","","","","","","","","","","","","","","","","","","","","","","","","","","","","","","","","","","","",
"St. Lucia","LCA","Research and development expenditure (% of GDP)","GB.XPD.RSDV.GD.ZS","","","","","","","","","","","","","","","","","","","","","","","","","","","","","","","","","","","","","","","0.68278","0.32522","","","","","","","","","","","","","","","","","","","",
"Latin America & Caribbean","LCN","Research and development expenditure (% of GDP)","GB.XPD.RSDV.GD.ZS","","","","","","","","","","","","","","","","","","","","","","","","","","","","","","","","","","","","","","","","","0.55182082033102","0.532866385035299","0.521428952867547","0.556154817244543","0.565932730749811","0.59230142727102","0.590029227461101","0.635274063348543","0.681489263698575","0.707468037648663","0.747875929173487","0.722735505160857","0.701133854092685","0.733241854251054","0.768253231771207","0.783375167807771","0.760321193813326","","",
"Least developed countries: UN classification","LDC","Research and development expenditure (% of GDP)","GB.XPD.RSDV.GD.ZS","","","","","","","","","","","","","","","","","","","","","","","","","","","","","","","","","","","","","","","","","","","","","","","","","","","","","","","","","","","",
"Low income","LIC","Research and development expenditure (% of GDP)","GB.XPD.RSDV.GD.ZS","","","","","","","","","","","","","","","","","","","","","","","","","","","","","","","","","","","","","","","","","","","","","","","","","","","","","","","","","","","",
"Liechtenstein","LIE","Research and development expenditure (% of GDP)","GB.XPD.RSDV.GD.ZS","","","","","","","","","","","","","","","","","","","","","","","","","","","","","","","","","","","","","","","","","","","","","","","","","","","","","","","","","","","",
"Sri Lanka","LKA","Research and development expenditure (% of GDP)","GB.XPD.RSDV.GD.ZS","","","","","","","","","","","","","","","","","","","","","","","","","","","","","","","","","","","","","0.18356","","","","0.14392","","","","0.1821","","0.1742","","0.11444","","0.13687","","","0.10081","0.09989","0.10871","","","",
"Lower middle income","LMC","Research and development expenditure (% of GDP)","GB.XPD.RSDV.GD.ZS","","","","","","","","","","","","","","","","","","","","","","","","","","","","","","","","","","","","","","","","","0.498361286881544","","","","","","","0.619536989341999","","0.565655000007626","","","","","","","","","",
"Low & middle income","LMY","Research and development expenditure (% of GDP)","GB.XPD.RSDV.GD.ZS","","","","","","","","","","","","","","","","","","","","","","","","","","","","","","","","","","","","","","","","","0.639303923191001","0.672952319063869","0.724913503736313","0.777672253059112","0.80513695581703","0.832407026959414","0.8716616482332","0.887101703274979","0.950647247500325","1.02949380709719","1.09933138044505","1.11797443599628","1.25357651348743","1.22905396007125","1.37295795143389","1.38661906307162","1.58455434101921","","",
"Lesotho","LSO","Research and development expenditure (% of GDP)","GB.XPD.RSDV.GD.ZS","","","","","","","","","","","","","","","","","","","","","","","","","","","","","","","","","","","","","","","","","","","0.04185","0.04295","0.05532","","","","","0.02715","","0.01161","","","","0.04804","","","",
"Late-demographic dividend","LTE","Research and development expenditure (% of GDP)","GB.XPD.RSDV.GD.ZS","","","","","","","","","","","","","","","","","","","","","","","","","","","","","","","","","","","","","","","","","0.815518456684503","0.869942056708616","0.894037234621169","0.95469214543561","0.96409453174219","1.02196852569719","1.02852564623015","1.06040388062511","1.09720542750445","1.2732752971353","1.31730267009778","1.2932421981187","1.42892760411305","1.4743802402791","1.53694433972654","1.61197751081486","1.69113947648055","","",
"Lithuania","LTU","Research and development expenditure (% of GDP)","GB.XPD.RSDV.GD.ZS","","","","","","","","","","","","","","","","","","","","","","","","","","","","","","","","","","","","","0.49155","0.53658","0.54377","0.502","0.5848","0.66679","0.6567","0.66339","0.75066","0.74741","0.79119","0.80093","0.78844","0.82967","0.78348","0.9039","0.89469","0.95088","1.03048","1.04116","0.84724","","",
"Luxembourg","LUX","Research and development expenditure (% of GDP)","GB.XPD.RSDV.GD.ZS","","","","","","","","","","","","","","","","","","","","","","","","","","","","","","","","","","","","","","","","","1.57673","","","1.62595","1.60262","1.57171","1.66674","1.59123","1.62293","1.6775","1.50257","1.46277","1.27267","1.30266","1.25978","1.27116","1.24366","","",
"Latvia","LVA","Research and development expenditure (% of GDP)","GB.XPD.RSDV.GD.ZS","","","","","","","","","","","","","","","","","","","","","","","","","","","","","","","","","","","","","0.39723","0.3664","0.37876","0.35186","0.43598","0.40321","0.40888","0.36002","0.40013","0.52959","0.65063","0.55379","0.58139","0.45271","0.61078","0.69662","0.66424","0.6122","0.6893","0.62623","0.44292","","",
"Macao SAR, China","MAC","Research and development expenditure (% of GDP)","GB.XPD.RSDV.GD.ZS","","","","","","","","","","","","","","","","","","","","","","","","","","","","","","","","","","","","","","","","","","0.06268","0.07004","0.06283","0.05373","0.08809","0.08337","0.05715","0.10159","0.05436","0.05033","0.04444","0.04807","0.05115","0.08705","0.13554","0.23367","0.17218","",
"St. Martin (French part)","MAF","Research and development expenditure (% of GDP)","GB.XPD.RSDV.GD.ZS","","","","","","","","","","","","","","","","","","","","","","","","","","","","","","","","","","","","","","","","","","","","","","","","","","","","","","","","","","","",
"Morocco","MAR","Research and development expenditure (% of GDP)","GB.XPD.RSDV.GD.ZS","","","","","","","","","","","","","","","","","","","","","","","","","","","","","","","","","","","","","","","0.27341","","","0.60682","0.52586","0.63071","","","0.60789","","","","0.71454","","","","","","","","",
"Monaco","MCO","Research and development expenditure (% of GDP)","GB.XPD.RSDV.GD.ZS","","","","","","","","","","","","","","","","","","","","","","","","","","","","","","","","","","","","","","","","","","","","","0.03719","0.03752","","","","","","","","","","","","","",
"Moldova","MDA","Research and development expenditure (% of GDP)","GB.XPD.RSDV.GD.ZS","","","","","","","","","","","","","","","","","","","","","","","","","","","","","","","","","","","","","0.87295","0.80679","","","","","","0.32405","0.34903","0.39865","0.40622","0.54558","0.53463","0.52557","0.43987","0.40499","0.41733","0.35419","0.37055","0.36797","0.32888","0.30186","",
"Madagascar","MDG","Research and development expenditure (% of GDP)","GB.XPD.RSDV.GD.ZS","","","","","","","","","","","","","","","","","","","","","","","","","","","","","","","","","","","","","","0.22032","0.11044","0.096","0.11976","0.21821","0.24552","0.33841","0.22353","0.17552","0.16371","0.14037","0.13404","0.14683","0.11324","0.10588","","","0.0155","","0.01498","0.0146","",
"Maldives","MDV","Research and development expenditure (% of GDP)","GB.XPD.RSDV.GD.ZS","","","","","","","","","","","","","","","","","","","","","","","","","","","","","","","","","","","","","","","","","","","","","","","","","","","","","","","","","","","",
"Middle East & North Africa","MEA","Research and development expenditure (% of GDP)","GB.XPD.RSDV.GD.ZS","","","","","","","","","","","","","","","","","","","","","","","","","","","","","","","","","","","","","","","","","","","","","","","","","","","0.924241930357554","","0.93463184374512","","","","","","",
"Mexico","MEX","Research and development expenditure (% of GDP)","GB.XPD.RSDV.GD.ZS","","","","","","","","","","","","","","","","","","","","","","","","","","","","","","","","","","","","","0.25067","0.2762","0.30196","0.3441","0.30613","0.32418","0.36667","0.38038","0.38816","0.39844","0.36922","0.42606","0.47073","0.51677","0.53299","0.51144","0.48684","0.49855","0.53044","0.52419","0.4865","","",
"Marshall Islands","MHL","Research and development expenditure (% of GDP)","GB.XPD.RSDV.GD.ZS","","","","","","","","","","","","","","","","","","","","","","","","","","","","","","","","","","","","","","","","","","","","","","","","","","","","","","","","","","","",
"Middle income","MIC","Research and development expenditure (% of GDP)","GB.XPD.RSDV.GD.ZS","","","","","","","","","","","","","","","","","","","","","","","","","","","","","","","","","","","","","","","","","0.639721610337295","0.673754563348686","0.726455770021276","0.779250421561692","0.807580375962939","0.8362233560155","0.874438480945674","0.89240403702976","0.955226220588618","1.03356834630638","1.10548156573717","1.11892203610603","1.25422166782412","1.2321904133711","1.37651922233435","1.38836655393573","1.58666461746583","","",
"North Macedonia","MKD","Research and development expenditure (% of GDP)","GB.XPD.RSDV.GD.ZS","","","","","","","","","","","","","","","","","","","","","","","","","","","","","","","","","","","","","","0.37773","0.4296","0.3451","0.41888","0.2931","0.24461","0.21064","0.23237","0.22825","0.19373","0.17093","0.22358","0.19679","0.21634","0.22276","0.32676","0.43894","0.51646","0.44468","0.43287","0.35343","",
"Mali","MLI","Research and development expenditure (% of GDP)","GB.XPD.RSDV.GD.ZS","","","","","","","","","","","","","","","","","","","","","","","","","","","","","","","","","","","","","","","","","","","","","","","","0.21855","","","0.5836","","","","","0.31461","","0.29274","",
"Malta","MLT","Research and development expenditure (% of GDP)","GB.XPD.RSDV.GD.ZS","","","","","","","","","","","","","","","","","","","","","","","","","","","","","","","","","","","","","","","","","","","0.2385","0.23707","0.49256","0.52996","0.58025","0.5485","0.53331","0.5174","0.60667","0.67331","0.82639","0.77284","0.71499","0.74981","0.59697","","",
"Myanmar","MMR","Research and development expenditure (% of GDP)","GB.XPD.RSDV.GD.ZS","","","","","","","","","","","","","","","","","","","","","","","","","","","","","","","","","","","","","","0.05985","0.03417","0.04406","0.11306","0.07144","0.16216","","","","","","","","","","","","","","","","",
"Middle East & North Africa (excluding high income)","MNA","Research and development expenditure (% of GDP)","GB.XPD.RSDV.GD.ZS","","","","","","","","","","","","","","","","","","","","","","","","","","","","","","","","","","","","","","","","","","","","","","","","","","0.304916368866676","0.332391231710106","","","","","","","","",
"Montenegro","MNE","Research and development expenditure (% of GDP)","GB.XPD.RSDV.GD.ZS","","","","","","","","","","","","","","","","","","","","","","","","","","","","","","","","","","","","","","","","","","","","0.79772","1.01874","0.92443","1.22991","1.14521","","","","0.31485","","0.37431","0.3632","0.374","","","",
"Mongolia","MNG","Research and development expenditure (% of GDP)","GB.XPD.RSDV.GD.ZS","","","","","","","","","","","","","","","","","","","","","","","","","","","","","","","","","","","","","","0.16786","0.16643","0.15016","0.18757","0.26749","0.25173","0.2518","0.26777","0.23776","0.19121","0.23827","0.33667","0.30478","0.24438","0.23054","0.23913","0.23246","0.2234","0.15468","0.18342","0.13412","",
"Northern Mariana Islands","MNP","Research and development expenditure (% of GDP)","GB.XPD.RSDV.GD.ZS","","","","","","","","","","","","","","","","","","","","","","","","","","","","","","","","","","","","","","","","","","","","","","","","","","","","","","","","","","","",
"Mozambique","MOZ","Research and development expenditure (% of GDP)","GB.XPD.RSDV.GD.ZS","","","","","","","","","","","","","","","","","","","","","","","","","","","","","","","","","","","","","","","","","","","0.42101","","","","0.45501","","0.15294","","0.42252","","","","","0.33751","","","",
"Mauritania","MRT","Research and development expenditure (% of GDP)","GB.XPD.RSDV.GD.ZS","","","","","","","","","","","","","","","","","","","","","","","","","","","","","","","","","","","","","","","","","","","","","","","","","","","","","","","","","","","",
"Mauritius","MUS","Research and development expenditure (% of GDP)","GB.XPD.RSDV.GD.ZS","","","","","","","","","","","","","","","","","","","","","","","","","","","","","","","","","","","","","","0.27899","0.26178","0.31388","0.28903","0.36873","0.37377","0.33806","0.37932","0.37229","","","","","","","0.17773","","","","","","",
"Malawi","MWI","Research and development expenditure (% of GDP)","GB.XPD.RSDV.GD.ZS","","","","","","","","","","","","","","","","","","","","","","","","","","","","","","","","","","","","","","","","","","","","","","","","","","","","","","","","","","","",
"Malaysia","MYS","Research and development expenditure (% of GDP)","GB.XPD.RSDV.GD.ZS","","","","","","","","","","","","","","","","","","","","","","","","","","","","","","","","","","","","","0.21645","","0.39789","","0.46899","","0.65254","","0.5999","","0.61106","","0.78847","1.01001","1.03608","1.03342","1.09269","","1.26275","1.30069","","","",
"North America","NAC","Research and development expenditure (% of GDP)","GB.XPD.RSDV.GD.ZS","","","","","","","","","","","","","","","","","","","","","","","","","","","","","","","","","","","","","2.38188622968844","2.40992528899003","2.445895407056","2.49019053333795","2.56947201815289","2.5986318003213","2.51267484710449","2.51110067288939","2.45239907897926","2.46249507993342","2.49774255340025","2.55992347285992","2.67954817569626","2.73997554205163","2.65110605639723","2.66789869505186","2.59556934312769","2.62376333876487","2.63924756620124","2.65473311705975","2.65815541861628","","",
"Namibia","NAM","Research and development expenditure (% of GDP)","GB.XPD.RSDV.GD.ZS","","","","","","","","","","","","","","","","","","","","","","","","","","","","","","","","","","","","","","","","","","","","","","","","","","","0.14165","","","","0.33996","","","","",
"New Caledonia","NCL","Research and development expenditure (% of GDP)","GB.XPD.RSDV.GD.ZS","","","","","","","","","","","","","","","","","","","","","","","","","","","","","","","","","","","","","","","","","","","","","","","","","","","","","","","","","","","",
"Niger","NER","Research and development expenditure (% of GDP)","GB.XPD.RSDV.GD.ZS","","","","","","","","","","","","","","","","","","","","","","","","","","","","","","","","","","","","","","","","","","","","","","","","","","","","","","","","","","","",
"Nigeria","NGA","Research and development expenditure (% of GDP)","GB.XPD.RSDV.GD.ZS","","","","","","","","","","","","","","","","","","","","","","","","","","","","","","","","","","","","","","","","","","","","","","","","0.21896","","","","","","","","","","","",
"Nicaragua","NIC","Research and development expenditure (% of GDP)","GB.XPD.RSDV.GD.ZS","","","","","","","","","","","","","","","","","","","","","","","","","","","","","","","","","","","","","","0.0651","","","","","0.03493","","","","","","","","","0.08344","0.10449","0.10284","0.08935","0.10866","","","",
"Netherlands","NLD","Research and development expenditure (% of GDP)","GB.XPD.RSDV.GD.ZS","","","","","","","","","","","","","","","","","","","","","","","","","","","","","","","","","","","","","1.8607","1.86542","1.76435","1.84313","1.80556","1.81562","1.76885","1.80551","1.80727","1.79103","1.7567","1.68634","1.64309","1.6854","1.72475","1.90306","1.93945","1.95267","2.00116","2.0039","2.03247","","",
"Norway","NOR","Research and development expenditure (% of GDP)","GB.XPD.RSDV.GD.ZS","","","","","","","","","","","","","","","","","","","","","","","","","","","","","","","","","","","","","","1.59352","","1.60533","","1.56231","1.63058","1.68036","1.54506","1.48317","1.45598","1.56401","1.55346","1.72279","1.64855","1.62534","1.61858","1.65004","1.71187","1.93095","2.03222","","",
"Nepal","NPL","Research and development expenditure (% of GDP)","GB.XPD.RSDV.GD.ZS","","","","","","","","","","","","","","","","","","","","","","","","","","","","","","","","","","","","","","","","","","","","","","","","","0.05439","0.25924","0.3022","","","","","","","","",
"Nauru","NRU","Research and development expenditure (% of GDP)","GB.XPD.RSDV.GD.ZS","","","","","","","","","","","","","","","","","","","","","","","","","","","","","","","","","","","","","","","","","","","","","","","","","","","","","","","","","","","",
"New Zealand","NZL","Research and development expenditure (% of GDP)","GB.XPD.RSDV.GD.ZS","","","","","","","","","","","","","","","","","","","","","","","","","","","","","","","","","","","","","","1.0565","","0.96387","","1.10029","","1.14891","","1.12045","","1.15657","","1.2525","","1.231","","1.15412","","1.26264","","","",
"OECD members","OED","Research and development expenditure (% of GDP)","GB.XPD.RSDV.GD.ZS","","","","","","","","","","","","","","","","","","","","","","","","","","","","","","","","","","","","","2.1206466333367","2.14200986731318","2.1475418834539","2.21583124319475","2.27030747186318","2.30099484204191","2.2439994989953","2.23539687907788","2.18764277461979","2.20065971739688","2.22692972212891","2.2328755363148","2.3180644568461","2.39906033326225","2.36392958568073","2.39403811790739","2.41418045876411","2.39922266119666","2.438119439804","2.44701973943605","2.48553617674777","","",
"Oman","OMN","Research and development expenditure (% of GDP)","GB.XPD.RSDV.GD.ZS","","","","","","","","","","","","","","","","","","","","","","","","","","","","","","","","","","","","","","","","","","","","","","","","","","","","0.13645","0.20837","0.16923","0.21253","0.24978","0.25511","0.22178","",
"Other small states","OSS","Research and development expenditure (% of GDP)","GB.XPD.RSDV.GD.ZS","","","","","","","","","","","","","","","","","","","","","","","","","","","","","","","","","","","","","","","","","","","","","","","","","","","","","","","","","","","",
"Pakistan","PAK","Research and development expenditure (% of GDP)","GB.XPD.RSDV.GD.ZS","","","","","","","","","","","","","","","","","","","","","","","","","","","","","","","","","","","","","","0.15565","0.10919","0.1159","0.12828","0.1667","0.21977","","","0.43689","","0.6325","","0.44806","","0.32917","","0.29285","","0.24605","","","",
"Panama","PAN","Research and development expenditure (% of GDP)","GB.XPD.RSDV.GD.ZS","","","","","","","","","","","","","","","","","","","","","","","","","","","","","","","","","","","","","0.3101","0.29911","0.26922","0.27205","0.36264","0.36074","0.3422","0.32109","0.22646","0.23183","0.23537","0.18172","0.19065","0.1321","0.14453","0.17304","0.07534","0.06206","","","","","",
"Peru","PER","Research and development expenditure (% of GDP)","GB.XPD.RSDV.GD.ZS","","","","","","","","","","","","","","","","","","","","","","","","","","","","","","","","","","","","","","0.0836","0.10072","0.09849","0.11266","0.11096","0.10614","0.10813","0.15578","","","","","","","0.08282","0.0553","0.08172","0.10789","0.11695","0.12024","0.12062","",
"Philippines","PHL","Research and development expenditure (% of GDP)","GB.XPD.RSDV.GD.ZS","","","","","","","","","","","","","","","","","","","","","","","","","","","","","","","","","","","","","","","","","","","0.13744","0.12994","","0.11143","","0.10963","","0.11396","","0.11726","","0.13793","","","","","",
"Palau","PLW","Research and development expenditure (% of GDP)","GB.XPD.RSDV.GD.ZS","","","","","","","","","","","","","","","","","","","","","","","","","","","","","","","","","","","","","","","","","","","","","","","","","","","","","","","","","","","",
"Papua New Guinea","PNG","Research and development expenditure (% of GDP)","GB.XPD.RSDV.GD.ZS","","","","","","","","","","","","","","","","","","","","","","","","","","","","","","","","","","","","","","","","","","","","","","","","","","","","","","","","","0.03294","","",
"Poland","POL","Research and development expenditure (% of GDP)","GB.XPD.RSDV.GD.ZS","","","","","","","","","","","","","","","","","","","","","","","","","","","","","","","","","","","","","0.64037","0.64412","0.66083","0.6818","0.64202","0.62284","0.55785","0.53884","0.55251","0.56281","0.55082","0.56189","0.59921","0.66097","0.7207","0.74588","0.88086","0.87053","0.94014","1.00371","0.96538","","",
"Pre-demographic dividend","PRE","Research and development expenditure (% of GDP)","GB.XPD.RSDV.GD.ZS","","","","","","","","","","","","","","","","","","","","","","","","","","","","","","","","","","","","","","","","","","","","","","","","","","","","","","","","","","","",
"Puerto Rico","PRI","Research and development expenditure (% of GDP)","GB.XPD.RSDV.GD.ZS","","","","","","","","","","","","","","","","","","","","","","","","","","","","","","","","","","","","","","","","","","","","","","","","","","0.45131","","","","0.43859","","0.42979","","","",
"Korea, Dem. People’s Rep.","PRK","Research and development expenditure (% of GDP)","GB.XPD.RSDV.GD.ZS","","","","","","","","","","","","","","","","","","","","","","","","","","","","","","","","","","","","","","","","","","","","","","","","","","","","","","","","","","","",
"Portugal","PRT","Research and development expenditure (% of GDP)","GB.XPD.RSDV.GD.ZS","","","","","","","","","","","","","","","","","","","","","","","","","","","","","","","","","","","","","0.5495","0.5636","0.62468","0.681","0.72127","0.76452","0.72144","0.69759","0.72871","0.75707","0.95455","1.12427","1.4452","1.57973","1.53257","1.45683","1.37777","1.32641","1.28973","1.24263","1.26565","","",
"Paraguay","PRY","Research and development expenditure (% of GDP)","GB.XPD.RSDV.GD.ZS","","","","","","","","","","","","","","","","","","","","","","","","","","","","","","","","","","","","","","","","","","0.07427","0.08525","0.07163","0.07266","0.07487","","","0.05472","","","0.05671","0.08816","","0.10331","0.1284","0.15366","","",
"West Bank and Gaza","PSE","Research and development expenditure (% of GDP)","GB.XPD.RSDV.GD.ZS","","","","","","","","","","","","","","","","","","","","","","","","","","","","","","","","","","","","","","","","","","","","","","","","0.20833","0.16338","0.39655","0.39273","","","0.4922","","","","","",
"Pacific island small states","PSS","Research and development expenditure (% of GDP)","GB.XPD.RSDV.GD.ZS","","","","","","","","","","","","","","","","","","","","","","","","","","","","","","","","","","","","","","","","","","","","","","","","","","","","","","","","","","","",
"Post-demographic dividend","PST","Research and development expenditure (% of GDP)","GB.XPD.RSDV.GD.ZS","","","","","","","","","","","","","","","","","","","","","","","","","","","","","","","","","","","","","2.17088935935133","2.19829573414184","2.20355291130477","2.27129607198389","2.33357363017752","2.36467575512714","2.30813988516011","2.29648285761227","2.24812550641441","2.26851964546062","2.29824848039495","2.31348466200398","2.40104773012351","2.47094960671955","2.44184868583026","2.47455409329149","2.49389261784156","2.48029196718074","2.52246340921157","2.52657214282473","2.53493563285044","","",
"French Polynesia","PYF","Research and development expenditure (% of GDP)","GB.XPD.RSDV.GD.ZS","","","","","","","","","","","","","","","","","","","","","","","","","","","","","","","","","","","","","","","","","","","","","","","","","","","","","","","","","","","",
"Qatar","QAT","Research and development expenditure (% of GDP)","GB.XPD.RSDV.GD.ZS","","","","","","","","","","","","","","","","","","","","","","","","","","","","","","","","","","","","","","","","","","","","","","","","","","","","","0.4786","","","0.50969","","","",
"Romania","ROU","Research and development expenditure (% of GDP)","GB.XPD.RSDV.GD.ZS","","","","","","","","","","","","","","","","","","","","","","","","","","","","","","","","","","","","","0.67026","0.57028","0.49208","0.39579","0.36445","0.3882","0.37633","0.38341","0.38307","0.40747","0.45123","0.50756","0.55398","0.44779","0.45569","0.49582","0.48251","0.38666","0.3825","0.48788","0.48209","","",
"Russian Federation","RUS","Research and development expenditure (% of GDP)","GB.XPD.RSDV.GD.ZS","","","","","","","","","","","","","","","","","","","","","","","","","","","","","","","","","","","","","0.96593","1.04374","0.95384","0.99624","1.04984","1.17694","1.24782","1.28603","1.15133","1.06797","1.07294","1.11611","1.04435","1.25192","1.1302","1.01261","1.02675","1.02524","1.07011","1.09689","1.09557","","",
"Rwanda","RWA","Research and development expenditure (% of GDP)","GB.XPD.RSDV.GD.ZS","","","","","","","","","","","","","","","","","","","","","","","","","","","","","","","","","","","","","","","","","","","","","","","","","","","","","","","","","","","",
"South Asia","SAS","Research and development expenditure (% of GDP)","GB.XPD.RSDV.GD.ZS","","","","","","","","","","","","","","","","","","","","","","","","","","","","","","","","","","","","","0.63183346181811","0.625441282071372","0.63560112321965","0.659332938581239","0.664431938099832","0.670774655405571","0.671981180571358","0.72901","0.750566538233242","0.788824792019139","0.803250309316602","0.795167309348824","0.834771892989859","0.795733319069903","0.795137511293991","0.778595574857666","","","","0.561926906620748","","","",
"Saudi Arabia","SAU","Research and development expenditure (% of GDP)","GB.XPD.RSDV.GD.ZS","","","","","","","","","","","","","","","","","","","","","","","","","","","","","","","","","","","","","","","","","","","","0.06233","0.05315","0.0423","0.04245","0.04521","0.04902","0.07338","0.884","0.89784","0.87684","0.81516","","","","","",
"Sudan","SDN","Research and development expenditure (% of GDP)","GB.XPD.RSDV.GD.ZS","","","","","","","","","","","","","","","","","","","","","","","","","","","","","","","","","","","","","","","","0.53007","0.47277","0.44686","0.39509","0.33982","0.29586","0.29844","","","","","","","","","","","","","",
"Senegal","SEN","Research and development expenditure (% of GDP)","GB.XPD.RSDV.GD.ZS","","","","","","","","","","","","","","","","","","","","","","","","","","","","","","","","","","","","","","","","","","","","","","","","","0.36834","","0.54114","","","","","0.75183","","","",
"Singapore","SGP","Research and development expenditure (% of GDP)","GB.XPD.RSDV.GD.ZS","","","","","","","","","","","","","","","","","","","","","","","","","","","","","","","","","","","","","1.31843","1.41508","1.73749","1.81628","1.82155","2.02076","2.06807","2.02636","2.10459","2.16067","2.13328","2.33699","2.62081","2.15925","2.01297","2.14585","1.9944","1.98597","2.15996","","","","",
"Solomon Islands","SLB","Research and development expenditure (% of GDP)","GB.XPD.RSDV.GD.ZS","","","","","","","","","","","","","","","","","","","","","","","","","","","","","","","","","","","","","","","","","","","","","","","","","","","","","","","","","","","",
"Sierra Leone","SLE","Research and development expenditure (% of GDP)","GB.XPD.RSDV.GD.ZS","","","","","","","","","","","","","","","","","","","","","","","","","","","","","","","","","","","","","","","","","","","","","","","","","","","","","","","","","","","",
"El Salvador","SLV","Research and development expenditure (% of GDP)","GB.XPD.RSDV.GD.ZS","","","","","","","","","","","","","","","","","","","","","","","","","","","","","","","","","","","","","","","0.08818","","","","","","","","","0.1056","0.13399","0.0909","0.07806","0.0355","0.03397","0.06391","0.09381","0.14517","0.14662","","",
"San Marino","SMR","Research and development expenditure (% of GDP)","GB.XPD.RSDV.GD.ZS","","","","","","","","","","","","","","","","","","","","","","","","","","","","","","","","","","","","","","","","","","","","","","","","","","","","","","","","","","","",
"Somalia","SOM","Research and development expenditure (% of GDP)","GB.XPD.RSDV.GD.ZS","","","","","","","","","","","","","","","","","","","","","","","","","","","","","","","","","","","","","","","","","","","","","","","","","","","","","","","","","","","",
"Serbia","SRB","Research and development expenditure (% of GDP)","GB.XPD.RSDV.GD.ZS","","","","","","","","","","","","","","","","","","","","","","","","","","","","","","","","","","","","","","0.75404","0.80135","0.99719","0.89807","0.32119","0.67954","0.52138","0.30444","0.41685","0.46678","0.62017","0.70955","0.86613","0.74427","0.72439","0.90691","0.72684","0.76972","0.86536","0.89059","0.93022","",
"Sub-Saharan Africa (excluding high income)","SSA","Research and development expenditure (% of GDP)","GB.XPD.RSDV.GD.ZS","","","","","","","","","","","","","","","","","","","","","","","","","","","","","","","","","","","","","","","","","","","","","","","","0.499239247853184","","","","","","","","","","","",
"South Sudan","SSD","Research and development expenditure (% of GDP)","GB.XPD.RSDV.GD.ZS","","","","","","","","","","","","","","","","","","","","","","","","","","","","","","","","","","","","","","","","","","","","","","","","","","","","","","","","","","","",
"Sub-Saharan Africa","SSF","Research and development expenditure (% of GDP)","GB.XPD.RSDV.GD.ZS","","","","","","","","","","","","","","","","","","","","","","","","","","","","","","","","","","","","","","","","","","","","","","","","0.499239247853184","","","","","","","","","","","",
"Small states","SST","Research and development expenditure (% of GDP)","GB.XPD.RSDV.GD.ZS","","","","","","","","","","","","","","","","","","","","","","","","","","","","","","","","","","","","","","","","","","","","","","","","","","","","","","","","","","","",
"Sao Tome and Principe","STP","Research and development expenditure (% of GDP)","GB.XPD.RSDV.GD.ZS","","","","","","","","","","","","","","","","","","","","","","","","","","","","","","","","","","","","","","","","","","","","","","","","","","","","","","","","","","","",
"Suriname","SUR","Research and development expenditure (% of GDP)","GB.XPD.RSDV.GD.ZS","","","","","","","","","","","","","","","","","","","","","","","","","","","","","","","","","","","","","","","","","","","","","","","","","","","","","","","","","","","",
"Slovak Republic","SVK","Research and development expenditure (% of GDP)","GB.XPD.RSDV.GD.ZS","","","","","","","","","","","","","","","","","","","","","","","","","","","","","","","","","","","","","0.89292","1.05283","0.76611","0.64556","0.63927","0.62565","0.56389","0.56247","0.50149","0.49401","0.47563","0.44824","0.46204","0.47326","0.61614","0.66326","0.80495","0.82362","0.88008","1.1753","0.78965","","",
"Slovenia","SVN","Research and development expenditure (% of GDP)","GB.XPD.RSDV.GD.ZS","","","","","","","","","","","","","","","","","","","","","","","","","","","","","","","","","","","","","1.26633","1.24727","1.30637","1.33814","1.3563","1.46773","1.43874","1.24528","1.36806","1.41229","1.53291","1.42382","1.62564","1.81629","2.05763","2.42358","2.57319","2.5801","2.3667","2.19655","2.00202","","",
"Sweden","SWE","Research and development expenditure (% of GDP)","GB.XPD.RSDV.GD.ZS","","","","","","","","","","","","","","","","","","","","","","","","","","","","","","","","","","","","","","3.31935","","3.42157","","3.91382","","3.61438","3.39134","3.387","3.50032","3.25661","3.49525","3.44965","3.21611","3.24919","3.28134","3.30605","3.14587","3.26549","3.2549","","",
"Eswatini","SWZ","Research and development expenditure (% of GDP)","GB.XPD.RSDV.GD.ZS","","","","","","","","","","","","","","","","","","","","","","","","","","","","","","","","","","","","","","","","","","","","","","","","","","","","","","","","0.27013","","","",
"Sint Maarten (Dutch part)","SXM","Research and development expenditure (% of GDP)","GB.XPD.RSDV.GD.ZS","","","","","","","","","","","","","","","","","","","","","","","","","","","","","","","","","","","","","","","","","","","","","","","","","","","","","","","","","","","",
"Seychelles","SYC","Research and development expenditure (% of GDP)","GB.XPD.RSDV.GD.ZS","","","","","","","","","","","","","","","","","","","","","","","","","","","","","","","","","","","","","","","","","","0.42525","0.40707","0.41183","0.34658","0.30209","","","","","","","","","","","0.22162","","",
"Syrian Arab Republic","SYR","Research and development expenditure (% of GDP)","GB.XPD.RSDV.GD.ZS","","","","","","","","","","","","","","","","","","","","","","","","","","","","","","","","","","","","","","","","","","","","","","","","","","","","","","","","0.01248","","","",
"Turks and Caicos Islands","TCA","Research and development expenditure (% of GDP)","GB.XPD.RSDV.GD.ZS","","","","","","","","","","","","","","","","","","","","","","","","","","","","","","","","","","","","","","","","","","","","","","","","","","","","","","","","","","","",
"Chad","TCD","Research and development expenditure (% of GDP)","GB.XPD.RSDV.GD.ZS","","","","","","","","","","","","","","","","","","","","","","","","","","","","","","","","","","","","","","","","","","","","","","","","","","","","","","","","","0.32217","","",
"East Asia & Pacific (IDA & IBRD countries)","TEA","Research and development expenditure (% of GDP)","GB.XPD.RSDV.GD.ZS","","","","","","","","","","","","","","","","","","","","","","","","","","","","","","","","","","","","","0.46194132445158","0.565824485914929","0.630098358298547","0.697139223911761","0.727772133685223","0.797512535969849","0.910549681247237","1.00565308795941","1.1052305627141","1.17920489782198","1.24779632657513","1.24650391147547","1.34328441383844","1.39969040130805","1.68121556095891","1.6184762261479","1.87464577764639","1.70918170803548","1.94020340968906","1.95826748388774","2.05543969870143","","",
"Europe & Central Asia (IDA & IBRD countries)","TEC","Research and development expenditure (% of GDP)","GB.XPD.RSDV.GD.ZS","","","","","","","","","","","","","","","","","","","","","","","","","","","","","","","","","","","","","0.759880849294045","0.803027815053442","0.653615158850321","0.680198566907327","0.699184773822534","0.78029642885766","0.79212770452053","0.790248007189361","0.76342333677606","0.75392335723414","0.759999822681865","0.813962216482766","0.794823098940054","0.892538488434497","0.860592980415133","0.821938227558286","0.85542914594207","0.838831283206406","0.861707135111339","0.872992110230246","0.861706869848377","","",
"Togo","TGO","Research and development expenditure (% of GDP)","GB.XPD.RSDV.GD.ZS","","","","","","","","","","","","","","","","","","","","","","","","","","","","","","","","","","","","","","","","","","","","","","","","","","","0.25349","","0.22364","","0.27166","","","","",
"Thailand","THA","Research and development expenditure (% of GDP)","GB.XPD.RSDV.GD.ZS","","","","","","","","","","","","","","","","","","","","","","","","","","","","","","","","","","","","","0.11918","0.10214","","0.24836","0.24471","0.25231","0.23055","0.24534","0.23829","0.21889","0.23271","0.2008","0.20331","0.23455","","0.36146","","0.44164","0.47988","0.61593","0.78133","","",
"Tajikistan","TJK","Research and development expenditure (% of GDP)","GB.XPD.RSDV.GD.ZS","","","","","","","","","","","","","","","","","","","","","","","","","","","","","","","","","","","","","","","","","","0.08953","0.07068","0.0689","0.06697","0.0957","0.10732","0.06778","0.06983","0.08577","0.08914","0.12148","0.11432","0.1177","0.11468","0.1089","0.10685","0.11556","",
"Turkmenistan","TKM","Research and development expenditure (% of GDP)","GB.XPD.RSDV.GD.ZS","","","","","","","","","","","","","","","","","","","","","","","","","","","","","","","","","","","","","","","","","","","","","","","","","","","","","","","","","","","",
"Latin America & the Caribbean (IDA & IBRD countries)","TLA","Research and development expenditure (% of GDP)","GB.XPD.RSDV.GD.ZS","","","","","","","","","","","","","","","","","","","","","","","","","","","","","","","","","","","","","","","","","0.553014958421914","0.532300110744101","0.521455653459854","0.556665394672182","0.566270617973465","0.594163821379098","0.593707222962467","0.639393141386053","0.684131794646476","0.71531650981037","0.749736845409825","0.728151237929581","0.704846557362042","0.741748535608113","0.77299502586478","0.798091097051804","0.768971149366466","","",
"Timor-Leste","TLS","Research and development expenditure (% of GDP)","GB.XPD.RSDV.GD.ZS","","","","","","","","","","","","","","","","","","","","","","","","","","","","","","","","","","","","","","","","","","","","","","","","","","","","","","","","","","","",
"Middle East & North Africa (IDA & IBRD countries)","TMN","Research and development expenditure (% of GDP)","GB.XPD.RSDV.GD.ZS","","","","","","","","","","","","","","","","","","","","","","","","","","","","","","","","","","","","","","","","","","","","","","","","","","0.304037907902987","0.331843424531747","","","","","","","","",
"Tonga","TON","Research and development expenditure (% of GDP)","GB.XPD.RSDV.GD.ZS","","","","","","","","","","","","","","","","","","","","","","","","","","","","","","","","","","","","","","","","","","","","","","","","","","","","","","","","","","","",
"South Asia (IDA & IBRD)","TSA","Research and development expenditure (% of GDP)","GB.XPD.RSDV.GD.ZS","","","","","","","","","","","","","","","","","","","","","","","","","","","","","","","","","","","","","0.63183346181811","0.625441282071372","0.63560112321965","0.659332938581239","0.664431938099832","0.670774655405571","0.671981180571358","0.72901","0.750566538233242","0.788824792019139","0.803250309316602","0.795167309348824","0.834771892989859","0.795733319069903","0.795137511293991","0.778595574857666","","","","0.561926906620748","","","",
"Sub-Saharan Africa (IDA & IBRD countries)","TSS","Research and development expenditure (% of GDP)","GB.XPD.RSDV.GD.ZS","","","","","","","","","","","","","","","","","","","","","","","","","","","","","","","","","","","","","","","","","","","","","","","","0.499239247853184","","","","","","","","","","","",
"Trinidad and Tobago","TTO","Research and development expenditure (% of GDP)","GB.XPD.RSDV.GD.ZS","","","","","","","","","","","","","","","","","","","","","","","","","","","","","","","","","","","","","0.10325","0.11553","0.12715","0.12292","0.108","0.10417","0.13178","0.11501","0.11441","0.11431","0.07233","0.05922","0.03072","0.05665","0.04771","0.04024","0.04402","0.05814","0.08297","0.08856","0.09175","","",
"Tunisia","TUN","Research and development expenditure (% of GDP)","GB.XPD.RSDV.GD.ZS","","","","","","","","","","","","","","","","","","","","","","","","","","","","","","","","","","","","","","","","","","","0.54302","0.65043","0.73095","0.71195","0.67726","0.66551","0.6394","0.70644","0.69026","0.70863","0.68206","0.67071","0.65484","0.62961","0.59989","","",
"Turkey","TUR","Research and development expenditure (% of GDP)","GB.XPD.RSDV.GD.ZS","","","","","","","","","","","","","","","","","","","","","","","","","","","","","","","","","","","","","0.45159","0.49169","0.36224","0.45646","0.46783","0.52638","0.51294","0.46945","0.50215","0.56931","0.55749","0.69182","0.69292","0.8094","0.79892","0.79988","0.83217","0.81821","0.86077","0.8815","","","",
"Tuvalu","TUV","Research and development expenditure (% of GDP)","GB.XPD.RSDV.GD.ZS","","","","","","","","","","","","","","","","","","","","","","","","","","","","","","","","","","","","","","","","","","","","","","","","","","","","","","","","","","","",
"Tanzania","TZA","Research and development expenditure (% of GDP)","GB.XPD.RSDV.GD.ZS","","","","","","","","","","","","","","","","","","","","","","","","","","","","","","","","","","","","","","","","","","","","","","","","0.33994","","","0.38025","","","0.52924","","","","","",
"Uganda","UGA","Research and development expenditure (% of GDP)","GB.XPD.RSDV.GD.ZS","","","","","","","","","","","","","","","","","","","","","","","","","","","","","","","","","","","","","","","","","","","0.36756","0.25612","0.26056","0.21514","0.30033","0.38821","0.32632","0.35331","0.47556","","","","0.17043","","","","",
"Ukraine","UKR","Research and development expenditure (% of GDP)","GB.XPD.RSDV.GD.ZS","","","","","","","","","","","","","","","","","","","","","","","","","","","","","","","","","","","","","","1.1923","1.06993","0.96968","0.96213","1.02329","0.9982","1.11179","1.08152","1.03096","0.94908","0.85319","0.84644","0.85644","0.83346","0.7378","0.75167","0.76175","0.65034","0.61477","0.48384","0.44853","",
"Upper middle income","UMC","Research and development expenditure (% of GDP)","GB.XPD.RSDV.GD.ZS","","","","","","","","","","","","","","","","","","","","","","","","","","","","","","","","","","","","","","0.535817561095016","","0.571985432833231","0.671769515301027","0.700261674840282","0.758211571521238","0.801346534586891","0.822815965949516","0.863958771097062","0.892188297157788","0.952823015952389","0.980229621012292","1.13346238609079","1.16183225283717","1.19570019339185","1.27742187793964","1.33634193644381","1.40118613686587","1.52624821924621","1.62347236718815","","",
"Uruguay","URY","Research and development expenditure (% of GDP)","GB.XPD.RSDV.GD.ZS","","","","","","","","","","","","","","","","","","","","","","","","","","","","","","","","","","","","","0.26501","0.34994","0.19186","0.22417","0.20925","","0.23818","","","","0.36539","0.42472","0.37973","0.41252","0.34115","0.3487","0.3276","0.32113","0.33579","0.36446","0.40845","","",
"United States","USA","Research and development expenditure (% of GDP)","GB.XPD.RSDV.GD.ZS","","","","","","","","","","","","","","","","","","","","","","","","","","","","","","","","","","","","","2.44182","2.47091","2.49675","2.54174","2.6205","2.63832","2.54968","2.55287","2.48995","2.50599","2.55002","2.62692","2.76683","2.81859","2.74046","2.76965","2.68859","2.72486","2.73394","2.74043","2.74418","","",
"Uzbekistan","UZB","Research and development expenditure (% of GDP)","GB.XPD.RSDV.GD.ZS","","","","","","","","","","","","","","","","","","","","","","","","","","","","","","","","","","","","","","","","","0.36063","0.34545","0.29356","0.26842","0.27041","0.23741","0.22395","0.21721","0.19354","0.20315","0.19523","0.19499","0.2021","0.19662","0.19644","0.21254","0.22139","0.18903","",
"St. Vincent and the Grenadines","VCT","Research and development expenditure (% of GDP)","GB.XPD.RSDV.GD.ZS","","","","","","","","","","","","","","","","","","","","","","","","","","","","","","","","","","","","","","","","","","0.04306","0.12028","","","","","","","","","","","","","","","","",
"Venezuela, RB","VEN","Research and development expenditure (% of GDP)","GB.XPD.RSDV.GD.ZS","","","","","","","","","","","","","","","","","","","","","","","","","","","","","","","","","","","","","","","","","","","","","","0.18907","0.31742","0.2011","0.23803","0.24014","0.18823","0.15296","0.2501","0.31853","0.33713","0.24107","0.11867","","",
"British Virgin Islands","VGB","Research and development expenditure (% of GDP)","GB.XPD.RSDV.GD.ZS","","","","","","","","","","","","","","","","","","","","","","","","","","","","","","","","","","","","","","","","","","","","","","","","","","","","","","","","","","","",
"Virgin Islands (U.S.)","VIR","Research and development expenditure (% of GDP)","GB.XPD.RSDV.GD.ZS","","","","","","","","","","","","","","","","","","","","","","","","","","","","","","","","","","","","","","","","","","","0.06603","0.03765","0.03422","0.02929","0.03108","0.02707","","","","","","","","","","","",
"Vietnam","VNM","Research and development expenditure (% of GDP)","GB.XPD.RSDV.GD.ZS","","","","","","","","","","","","","","","","","","","","","","","","","","","","","","","","","","","","","","","","","","","0.19273","","","","","","","","","0.19044","","0.37359","","0.44113","","","",
"Vanuatu","VUT","Research and development expenditure (% of GDP)","GB.XPD.RSDV.GD.ZS","","","","","","","","","","","","","","","","","","","","","","","","","","","","","","","","","","","","","","","","","","","","","","","","","","","","","","","","","","","",
"World","WLD","Research and development expenditure (% of GDP)","GB.XPD.RSDV.GD.ZS","","","","","","","","","","","","","","","","","","","","","","","","","","","","","","","","","","","","","1.97086401968178","1.96869655827649","1.98289702242249","2.05783964182107","2.0569741384784","2.07753657695719","2.04113026113109","2.03000600469298","1.98201456179965","1.96469828974935","1.97441205892509","1.94349041254963","1.9974650844883","2.03701147171517","2.02368097339029","2.01099960289475","2.07529144542664","2.03266901251287","2.120148864337","2.11438829483737","2.22779373936865","","",
"Samoa","WSM","Research and development expenditure (% of GDP)","GB.XPD.RSDV.GD.ZS","","","","","","","","","","","","","","","","","","","","","","","","","","","","","","","","","","","","","","","","","","","","","","","","","","","","","","","","","","","",
"Kosovo","XKX","Research and development expenditure (% of GDP)","GB.XPD.RSDV.GD.ZS","","","","","","","","","","","","","","","","","","","","","","","","","","","","","","","","","","","","","","","","","","","","","","","","","","","","","","","","","","","",
"Yemen, Rep.","YEM","Research and development expenditure (% of GDP)","GB.XPD.RSDV.GD.ZS","","","","","","","","","","","","","","","","","","","","","","","","","","","","","","","","","","","","","","","","","","","","","","","","","","","","","","","","","","","",
"South Africa","ZAF","Research and development expenditure (% of GDP)","GB.XPD.RSDV.GD.ZS","","","","","","","","","","","","","","","","","","","","","","","","","","","","","","","","","","","","","","0.58354","","","","0.71578","","0.76051","0.81334","0.86315","0.89815","0.88287","0.88816","0.83562","0.73704","0.73451","0.73363","0.72488","0.77115","0.79816","","","",
"Zambia","ZMB","Research and development expenditure (% of GDP)","GB.XPD.RSDV.GD.ZS","","","","","","","","","","","","","","","","","","","","","","","","","","","","","","","","","","","","","0.01104","0.00737","","","","","0.00544","0.00847","0.02223","0.02493","","","0.27819","","","","","","","","","","",
"Zimbabwe","ZWE","Research and development expenditure (% of GDP)","GB.XPD.RSDV.GD.ZS","","","","","","","","","","","","","","","","","","","","","","","","","","","","","","","","","","","","","","","","","","","","","","","","","","","","","","","","","","","",
